scene_date,index,field_count,valid_count,mean,median,p25,p75
2026-04-05,NDMI,1,1,-0.202650502324,-0.202650502324,-0.202650502324,-0.202650502324
2026-04-05,NDRE,1,1,0.0549376234412,0.0549376234412,0.0549376234412,0.0549376234412
2026-04-05,SAVI,1,1,0.0448636300862,0.0448636300862,0.0448636300862,0.0448636300862
2026-04-05,NDVI,1,1,0.0685738176107,0.0685738176107,0.0685738176107,0.0685738176107
2026-04-05,NDWI,1,1,-0.100299179554,-0.100299179554,-0.100299179554,-0.100299179554
2026-04-05,MNDWI,1,1,-0.294134020805,-0.294134020805,-0.294134020805,-0.294134020805
2026-04-12,NDMI,6,0,,,,
2026-04-12,NDRE,6,0,,,,
2026-04-12,SAVI,6,0,,,,
2026-04-12,NDVI,6,0,,,,
2026-04-12,NDWI,6,0,,,,
2026-04-12,MNDWI,6,0,,,,
2026-04-25,NDMI,22,22,-0.29025335339,-0.290657550097,-0.294763199985,-0.286042228341
2026-04-25,NDRE,22,22,0.0626634440639,0.0627153217793,0.0603782571852,0.0645535346121
2026-04-25,SAVI,22,22,0.0466463079845,0.0473391022534,0.0432230364531,0.0487293591723
2026-04-25,NDVI,22,22,0.0791865759952,0.0790753103793,0.0763322487474,0.0820414535701
2026-04-25,NDWI,22,22,-0.118482334031,-0.115318398923,-0.123490395025,-0.111507844179
2026-04-25,MNDWI,22,22,-0.395102196119,-0.397053182125,-0.402579784393,-0.383649140597
2026-05-05,NDMI,55,55,-0.276796789061,-0.276370197535,-0.28407754004,-0.270580202341
2026-05-05,NDRE,55,55,0.0536838622933,0.0533667802811,0.0504761021584,0.0558325871825
2026-05-05,SAVI,55,55,0.0466512828388,0.0453186444938,0.043570170179,0.0495802406221
2026-05-05,NDVI,55,55,0.0741899575022,0.0740073993802,0.0696870982647,0.0773414894939
2026-05-05,NDWI,55,55,-0.104589471763,-0.10295239836,-0.109734740108,-0.0987759903074
2026-05-05,MNDWI,55,55,-0.37061629187,-0.370894759893,-0.379070684314,-0.362210214138
2026-05-07,NDMI,22,22,-0.270188606598,-0.270803436637,-0.275195114315,-0.265312857926
2026-05-07,NDRE,22,22,0.0621361109343,0.0621809940785,0.0605784542859,0.0643298663199
2026-05-07,SAVI,22,22,0.0523204132915,0.0522116087377,0.0492058591917,0.0543162077666
2026-05-07,NDVI,22,22,0.0824592889032,0.0828082412481,0.0794010851532,0.0857426356524
2026-05-07,NDWI,22,22,-0.114893329753,-0.116231895983,-0.118080649525,-0.109145559371
2026-05-07,MNDWI,22,22,-0.373469933867,-0.374981671572,-0.380746379495,-0.368724256754
2026-05-09,NDMI,6,3,-0.253490328789,-0.267036467791,-0.26928640902,-0.244467318058
2026-05-09,NDRE,6,3,0.0673716912667,0.0684166997671,0.0658817775547,0.0693841092288
2026-05-09,SAVI,6,3,0.0615334063769,0.0595895685256,0.0591243728995,0.0629705209286
2026-05-09,NDVI,6,3,0.0918188566963,0.0904259011149,0.0894965790212,0.0934446565806
2026-05-09,NDWI,6,3,-0.118069931865,-0.113703489304,-0.120339781046,-0.113616861403
2026-05-09,MNDWI,6,3,-0.360620379448,-0.369491636753,-0.377362966538,-0.348313421011
2026-05-20,NDMI,53,47,-0.177680555176,-0.219244047999,-0.24466342479,-0.127029906958
2026-05-20,NDRE,53,47,0.114574166847,0.0894419401884,0.0764512903988,0.15289927274
2026-05-20,SAVI,53,47,0.111316693986,0.0873711109161,0.0688792765141,0.15019171685
2026-05-20,NDVI,53,47,0.160881371733,0.126726895571,0.104025367648,0.212690331042
2026-05-20,NDWI,53,47,-0.17142467819,-0.150590389967,-0.207018114626,-0.132812835276
2026-05-20,MNDWI,53,47,-0.339308406286,-0.356680631638,-0.370159581304,-0.317692831159
2026-05-22,NDMI,55,55,-0.206273791245,-0.255369603634,-0.265668928623,-0.166266471147
2026-05-22,NDRE,55,55,0.0992799724367,0.0691010951996,0.0612504575402,0.102880634367
2026-05-22,SAVI,55,55,0.100038717078,0.0702319219708,0.0606785751879,0.0966857597232
2026-05-22,NDVI,55,55,0.146594467895,0.10503898561,0.0913849845528,0.153061017394
2026-05-22,NDWI,55,55,-0.151910714128,-0.127483353019,-0.148826040328,-0.112746741623
2026-05-22,MNDWI,55,55,-0.348666470972,-0.359214484692,-0.378342717886,-0.335401505232
2026-06-06,NDMI,6,6,-0.0763539622227,-0.228614225984,-0.265968263149,0.147208102048
2026-06-06,NDRE,6,6,0.207796952377,0.101913332939,0.0808324683457,0.359922632575
2026-06-06,SAVI,6,6,0.227855411669,0.114395197481,0.0815651118756,0.406269498169
2026-06-06,NDVI,6,6,0.283240514497,0.15895261988,0.11924026534,0.481879983097
2026-06-06,NDWI,6,6,-0.274572686603,-0.176716588437,-0.434168290347,-0.144383572042
2026-06-06,MNDWI,6,6,-0.354318196575,-0.376485064626,-0.391371540726,-0.309273049235
2026-06-08,NDMI,22,22,-0.115875054489,-0.230345278978,-0.27316557616,-0.147552452981
2026-06-08,NDRE,22,22,0.191569264301,0.117277156562,0.0809047725052,0.17612343654
2026-06-08,SAVI,22,22,0.198129499839,0.117263231426,0.0742729473859,0.178749889136
2026-06-08,NDVI,22,22,0.25784075057,0.17291136831,0.116489203647,0.26207126677
2026-06-08,NDWI,22,22,-0.258695188571,-0.192513227462,-0.248902682215,-0.141628965736
2026-06-08,MNDWI,22,22,-0.373341901736,-0.394611686468,-0.407358877361,-0.376450590789
2026-06-09,NDMI,53,53,-0.0582390590659,-0.203794538975,-0.25858938694,0.262671142817
2026-06-09,NDRE,53,53,0.211232604002,0.12003698945,0.0843373164535,0.37996673584
2026-06-09,SAVI,53,53,0.231318620016,0.124119699001,0.0788785964251,0.454420745373
2026-06-09,NDVI,53,53,0.297316604206,0.188974127173,0.123026065528,0.550524532795
2026-06-09,NDWI,53,53,-0.28498881015,-0.193683236837,-0.474772840738,-0.147587820888
2026-06-09,MNDWI,53,53,-0.346524742696,-0.375509917736,-0.390978306532,-0.284933894873
2026-06-11,NDMI,55,40,-0.0266512585804,-0.172213561833,-0.247588813305,0.254410479218
2026-06-11,NDRE,55,40,0.230573048163,0.136576071382,0.083799989894,0.432023607194
2026-06-11,SAVI,55,40,0.255367271975,0.14928111434,0.087077267468,0.470549017191
2026-06-11,NDVI,55,40,0.310232275166,0.197197727859,0.125047426671,0.555994570255
2026-06-11,NDWI,55,40,-0.29234270677,-0.204436123371,-0.488019131124,-0.144312944263
2026-06-11,MNDWI,55,40,-0.324795009382,-0.359837770462,-0.385233975947,-0.275094032288
2026-06-18,NDMI,16,16,0.0461053455946,-0.0477524716407,-0.121618572623,0.333015248179
2026-06-18,NDRE,16,16,0.269078520592,0.182281300426,0.149722196162,0.477144233882
2026-06-18,SAVI,16,16,0.288073341828,0.210793487728,0.139265395701,0.504349723458
2026-06-18,NDVI,16,16,0.366706652567,0.309315606952,0.22674132511,0.582425028086
2026-06-18,NDWI,16,16,-0.327165100723,-0.262882821262,-0.527354240417,-0.196227308363
2026-06-18,MNDWI,16,16,-0.293854326941,-0.28411360085,-0.33680035919,-0.26650737226
2026-06-24,NDMI,6,4,-0.0776720009743,-0.129321657121,-0.178615327924,-0.028378330171
2026-06-24,NDRE,6,4,0.214110463858,0.190765015781,0.152785781771,0.252089697868
2026-06-24,SAVI,6,4,0.243071001023,0.210239551961,0.149356979877,0.303953573108
2026-06-24,NDVI,6,4,0.311012506485,0.276534020901,0.211456075311,0.376090452075
2026-06-24,NDWI,6,4,-0.281844299287,-0.259206689894,-0.335021428763,-0.206029560417
2026-06-24,MNDWI,6,4,-0.35473575443,-0.364859789609,-0.380206212401,-0.339389331639
2026-07-01,NDMI,49,44,0.161558706186,0.165734484792,-0.00797027582304,0.341884300113
2026-07-01,NDRE,49,44,0.356617179615,0.392132714391,0.242467530072,0.438782177866
2026-07-01,SAVI,49,44,0.386525075205,0.427158921957,0.255984768272,0.519848644733
2026-07-01,NDVI,49,44,0.45671183345,0.520434290171,0.339651115239,0.567629829049
2026-07-01,NDWI,49,44,-0.415970378979,-0.469029814005,-0.503129936754,-0.311119526625
2026-07-01,MNDWI,49,44,-0.273987213996,-0.289127141237,-0.339638806879,-0.237788315862
2026-07-08,NDMI,6,6,0.177282483938,0.211966775358,0.100421486422,0.245442163199
2026-07-08,NDRE,6,6,0.36635312438,0.359347090125,0.329418845475,0.404751569032
2026-07-08,SAVI,6,6,0.40632168452,0.414369136095,0.342415705324,0.430641070008
2026-07-08,NDVI,6,6,0.483622943361,0.481899738312,0.428915210068,0.51633810997
2026-07-08,NDWI,6,6,-0.423694938421,-0.424065515399,-0.448525637388,-0.378003127873
2026-07-08,MNDWI,6,6,-0.26708248506,-0.285481691361,-0.313419781625,-0.218122493476
2026-07-18,NDMI,22,22,0.278922695328,0.309590950608,0.212933555245,0.338005527854
2026-07-18,NDRE,22,22,0.473469757221,0.469247564674,0.431150488555,0.522489115596
2026-07-18,SAVI,22,22,0.526104852557,0.512311503291,0.411093175411,0.643117710948
2026-07-18,NDVI,22,22,0.609443447807,0.601419091225,0.528622597455,0.696613997221
2026-07-18,NDWI,22,22,-0.546407858079,-0.542775779962,-0.610613882542,-0.485121145844
2026-07-18,MNDWI,22,22,-0.319712244652,-0.319087550044,-0.375962279737,-0.266107492149
2026-07-19,NDMI,55,53,0.27364022464,0.288534879684,0.199500367045,0.34506213665
2026-07-19,NDRE,55,53,0.423322800195,0.429884880781,0.380584895611,0.455768555403
2026-07-19,SAVI,55,53,0.489036929495,0.483031511307,0.388076215982,0.573595166206
2026-07-19,NDVI,55,53,0.571457096428,0.577334821224,0.508132040501,0.634996533394
2026-07-19,NDWI,55,53,-0.512540276883,-0.518684148788,-0.55053704977,-0.457473188639
2026-07-19,MNDWI,55,53,-0.278085212311,-0.285942435265,-0.337282896042,-0.252430528402
2026-07-28,NDMI,1,0,,,,
2026-07-28,NDRE,1,0,,,,
2026-07-28,SAVI,1,0,,,,
2026-07-28,NDVI,1,0,,,,
2026-07-28,NDWI,1,0,,,,
2026-07-28,MNDWI,1,0,,,,
2026-07-31,NDMI,53,50,0.277002903819,0.279187187553,0.219650939107,0.349263854325
2026-07-31,NDRE,53,50,0.412216118574,0.417289674282,0.353898398579,0.495895281435
2026-07-31,SAVI,53,50,0.475366901159,0.443832188845,0.376862831414,0.591909319163
2026-07-31,NDVI,53,50,0.541437517703,0.540757149458,0.470992773772,0.640624463558
2026-07-31,NDWI,53,50,-0.48622743398,-0.479077383876,-0.56770260632,-0.431105479598
2026-07-31,MNDWI,53,50,-0.246698984541,-0.259259551764,-0.301449514925,-0.190360400825
2026-08-03,NDMI,55,55,0.236591388814,0.231635704637,0.172758311034,0.333534732461
2026-08-03,NDRE,55,55,0.389967477863,0.402195543051,0.338769868016,0.472804754972
2026-08-03,SAVI,55,55,0.426608296281,0.426615923643,0.35224045813,0.526803433895
2026-08-03,NDVI,55,55,0.508087592233,0.511008024216,0.452747121453,0.600554943085
2026-08-03,NDWI,55,55,-0.466700735959,-0.462227106094,-0.530547112226,-0.423784956336
2026-08-03,MNDWI,55,55,-0.2632052089,-0.267382472754,-0.308990597725,-0.216589085758
2026-08-05,NDMI,6,6,0.144319102556,0.195832148195,0.0466205625562,0.236194312572
2026-08-05,NDRE,6,6,0.29834260419,0.351428642869,0.177615351975,0.392004296184
2026-08-05,SAVI,6,6,0.34455060338,0.387395471334,0.205595005303,0.420643411577
2026-08-05,NDVI,6,6,0.419107533991,0.489262133837,0.272700760513,0.513534232974
2026-08-05,NDWI,6,6,-0.394169827302,-0.432660520077,-0.454392299056,-0.294563271105
2026-08-05,MNDWI,6,6,-0.271245839695,-0.2719668895,-0.277886450291,-0.251301504672
2026-08-07,NDMI,22,22,0.184410224923,0.204794570803,0.160890832544,0.300700478256
2026-08-07,NDRE,22,22,0.367630421438,0.399927705527,0.339872747659,0.479650326073
2026-08-07,SAVI,22,22,0.409469324079,0.406745642423,0.343507528305,0.580761149526
2026-08-07,NDVI,22,22,0.481323009865,0.500483512879,0.44978260994,0.636038273572
2026-08-07,NDWI,22,22,-0.45049959218,-0.452039420604,-0.558343067766,-0.407581716776
2026-08-07,MNDWI,22,22,-0.299561445009,-0.28139397502,-0.349648110568,-0.265843957663
2026-08-08,NDMI,22,21,0.176861413799,0.206251338124,0.135140731931,0.261304348707
2026-08-08,NDRE,22,21,0.319418152883,0.351758420467,0.288666248322,0.392096161842
2026-08-08,SAVI,22,21,0.370729446411,0.383150279522,0.288392722607,0.469013988972
2026-08-08,NDVI,22,21,0.432321530013,0.463338315487,0.372457236052,0.503987014294
2026-08-08,NDWI,22,21,-0.396338193899,-0.41219112277,-0.461075276136,-0.33689814806
2026-08-08,MNDWI,22,21,-0.240320109186,-0.247534960508,-0.269044607878,-0.208186641335
2026-08-10,NDMI,55,53,0.205246541612,0.226369962096,0.119552351534,0.328897565603
2026-08-10,NDRE,55,53,0.353035409355,0.373946994543,0.256991744041,0.449573993683
2026-08-10,SAVI,55,53,0.401007066498,0.389922380447,0.322758406401,0.499148368835
2026-08-10,NDVI,55,53,0.468060435411,0.493302464485,0.406318634748,0.568991780281
2026-08-10,NDWI,55,53,-0.437973668834,-0.441848367453,-0.511563718319,-0.384021103382
2026-08-10,MNDWI,55,53,-0.262097878698,-0.26508975029,-0.317463338375,-0.23097038269
