field_id,stage_from_fraction,stage_to_fraction,fcover_duration_days,kornix_duration_days,stretch_factor_fcover_over_kornix,additional_stretch_percent,fcover_lag_at_stage_start_days,fcover_lag_at_stage_end_days
SP_1_1,0.2,0.35,6.845570671954192,2.962187947705388,2.310984580589157,131.09845805891572,8.289728599018417,12.173111323267221
SP_1_1,0.35,0.5,6.8455706720706075,5.935974374064244,1.1532345392157717,15.323453921577169,12.173111323267221,13.082707621273585
SP_1_1,0.5,0.65,6.8455706720706075,4.336277851369232,1.578674362370261,57.867436237026105,13.082707621273585,15.59200044197496
SP_1_1,0.65,0.8,6.8455706720706075,4.914293036563322,1.3929919565516737,39.299195655167374,15.59200044197496,17.523278077482246
SP_1_11,0.2,0.35,9.588693163357675,4.335296340752393,2.211773408249539,121.1773408249539,-13.615819815197028,-8.362422992591746
SP_1_11,0.35,0.5,9.58869316324126,5.095816054032184,1.8816796096189503,88.16796096189503,-8.362422992591746,-3.8695458833826706
SP_1_11,0.5,0.65,9.588693163357675,4.165055630961433,2.302176492452824,130.21764924528242,-3.8695458833826706,1.5540916490135714
SP_1_11,0.65,0.8,9.588693163357675,4.3030480614397675,2.2283490740629492,122.83490740629492,1.5540916490135714,6.839736750931479
SP_1_3,0.2,0.35,9.38308136118576,5.884705192642286,1.5944862238668358,59.44862238668358,-12.214194538886659,-8.715818370343186
SP_1_3,0.35,0.5,9.383081361302175,4.344004179583862,2.1600074432251204,116.00074432251203,-8.715818370343186,-3.6767411886248738
SP_1_3,0.5,0.65,9.383081361302175,4.924199595930986,1.9055038648424603,90.55038648424602,-3.6767411886248738,0.7821405767463148
SP_1_3,0.65,0.8,9.38308136118576,3.4295927510829642,2.735917073017739,173.5917073017739,0.7821405767463148,6.73562918684911
SP_1_5,0.2,0.35,6.966585839516483,5.120452488656156,1.3605410566644742,36.05410566644742,3.0490972590632737,4.895230609923601
SP_1_5,0.35,0.5,6.966585839632899,4.556078806053847,1.5290749208236067,52.907492082360676,4.895230609923601,7.305737643502653
SP_1_5,0.5,0.65,6.966585839516483,4.186443878221326,1.6640819851325328,66.40819851325328,7.305737643502653,10.08587960479781
SP_1_5,0.65,0.8,6.966585839516483,2.8173161019803956,2.4727739406378335,147.27739406378336,10.08587960479781,14.235149342333898
SP_1_6,0.2,0.35,5.8274768207920715,4.706638399627991,1.2381399049590618,23.81399049590618,0.514686320326291,1.6355247414903715
SP_1_6,0.35,0.5,5.827476820675656,4.807112801703624,1.2122613013388033,21.22613013388033,1.6355247414903715,2.6558887604624033
SP_1_6,0.5,0.65,5.8274768207920715,3.7713131684577093,1.5452115908940114,54.52115908940114,2.6558887604624033,4.712052412796766
SP_1_6,0.65,0.8,5.827476820675656,3.009460184141062,1.9363860839178677,93.63860839178678,4.712052412796766,7.53006904933136
SP_2_1,0.2,0.35,6.594884548569098,4.607398932916112,1.431368250197312,43.1368250197312,1.0035791454138234,2.9910647610668093
SP_2_1,0.35,0.5,6.594884548569098,4.6331459361827,1.4234139479756376,42.34139479756376,2.9910647610668093,4.952803373453207
SP_2_1,0.5,0.65,6.594884548569098,3.813840904040262,1.729197602758596,72.9197602758596,4.952803373453207,7.733847017982043
SP_2_1,0.65,0.8,6.594884548569098,2.829439429217018,2.330809587393811,133.0809587393811,7.733847017982043,11.499292137334123
SP_2_5,0.2,0.35,5.098975129774772,4.721827320405282,1.0798732744290866,7.987327442908665,-0.33552391722332686,0.04162389214616269
SP_2_5,0.35,0.5,5.098975129774772,4.776959176058881,1.067410237736543,6.741023773654309,0.04162389214616269,0.36363984586205333
SP_2_5,0.5,0.65,5.098975129774772,3.7900005308911204,1.3453758352313159,34.53758352313159,0.36363984586205333,1.6726144447457045
SP_2_5,0.65,0.8,5.098975129774772,2.9805466482648626,1.71075166119046,71.075166119046,1.6726144447457045,3.7910429262556136
SP_2_6,0.2,0.35,6.30931040388532,4.882472941302694,1.2922366349462924,29.223663494629236,1.9805784147465602,3.4074158773291856
SP_2_6,0.35,0.5,6.30931040388532,4.727232341188937,1.334673218600141,33.46732186001411,3.4074158773291856,4.989493940025568
SP_2_6,0.5,0.65,6.30931040388532,3.9194893495878205,1.6097276561164318,60.972765611643176,4.989493940025568,7.379314994323067
SP_2_6,0.65,0.8,6.30931040388532,2.9520834332797676,2.137239866854193,113.7239866854193,7.379314994323067,10.73654196492862
SP_2_7,0.2,0.35,6.6720191951608285,4.705731616355479,1.417849494852452,41.78494948524521,-23.77276230393909,-21.80647472513374
SP_2_7,0.35,0.5,22.80632907128893,4.749970319797285,4.801362437199868,380.13624371998685,-21.80647472513374,-3.750115973642096
SP_2_7,0.5,0.65,6.883287257282063,3.777891931706108,1.8219915714141535,82.19915714141534,-3.750115973642096,-0.6447206480661407
SP_2_7,0.65,0.8,6.883287257282063,2.9351118589984253,2.3451532983928285,134.51532983928286,-0.6447206480661407,3.3034547502174973
SP_3_1,0.2,0.35,5.739604526082985,5.442283020936884,1.0546317609727907,5.4631760972790655,2.1271220655180514,2.4244435706641525
SP_3_1,0.35,0.5,5.7396045261994,4.140977196395397,1.3860507445429942,38.60507445429941,2.4244435706641525,4.023070900468156
SP_3_1,0.5,0.65,5.7396045261994,4.667936868267134,1.229580580923773,22.9580580923773,4.023070900468156,5.094738558400422
SP_3_1,0.65,0.8,5.739604526082985,3.0299169179052114,1.894310861187298,89.43108611872981,5.094738558400422,7.804426166578196
SP_3_4,0.2,0.35,5.43167180439923,5.478928571334109,0.9913748160211237,-0.862518397887635,1.0044000812340528,0.9571433142991737
SP_3_4,0.35,0.5,5.431671804515645,4.306731408229098,1.261205143682066,26.120514368206592,0.9571433142991737,2.082083710585721
SP_3_4,0.5,0.65,5.43167180439923,4.549157408881001,1.193995132767962,19.39951327679621,2.082083710585721,2.9645981061039492
SP_3_4,0.65,0.8,5.43167180439923,2.9130766553571448,1.8645825177344342,86.45825177344342,2.9645981061039492,5.483193255146034
SP_3_5,0.2,0.35,5.828872752725147,5.83995813713409,0.9981018041313592,-0.18981958686408174,3.7481268944684416,3.7370415100594983
SP_3_5,0.35,0.5,5.828872752841562,4.259655223460868,1.3683907375268138,36.83907375268139,3.7370415100594983,5.306259039440192
SP_3_5,0.5,0.65,5.828872752725147,4.8667447086190805,1.1976943730790157,19.769437307901573,5.306259039440192,6.2683870835462585
SP_3_5,0.65,0.8,5.828872752841562,3.090146731468849,1.8862770150953014,88.62770150953014,6.2683870835462585,9.007113104918972
SP_4_1,0.2,0.35,6.661220413050614,5.6674946278799325,1.1753377551135693,17.53377551135693,0.19691377552226186,1.1906395606929436
SP_4_1,0.35,0.5,6.661220412934199,4.192795653711073,1.5887300415030496,58.873004150304965,1.1906395606929436,3.6590643199160695
SP_4_1,0.5,0.65,6.661220413050614,4.721942356554791,1.4106949873718393,41.06949873718393,3.6590643199160695,5.5983423764118925
SP_4_1,0.65,0.8,6.661220412934199,3.3736314781708643,1.9744955713259527,97.44955713259526,5.5983423764118925,8.885931311175227
SP_4_11,0.2,0.35,5.570132683380507,5.4479750451864675,1.0224225766786452,2.2422576678645223,-0.5885937999701127,-0.4664361617760733
SP_4_11,0.35,0.5,5.570132683380507,4.269282317720354,1.304700010177533,30.4700010177533,-0.4664361617760733,0.83441420388408
SP_4_11,0.5,0.65,5.570132683264092,4.573733820929192,1.2178523939839754,21.785239398397536,0.83441420388408,1.8308130662189797
SP_4_11,0.65,0.8,5.570132683380507,2.930069283465855,1.9010242231514174,90.10242231514174,1.8308130662189797,4.470876466133632
SP_4_15,0.2,0.35,5.227813064469956,5.706380054471083,0.9161347499758348,-8.386525002416523,2.3423798367148265,1.8638128467136994
SP_4_15,0.35,0.5,5.2278130643535405,4.23256007314194,1.2351420828087145,23.51420828087145,1.8638128467136994,2.8590658379253
SP_4_15,0.5,0.65,5.227813064469956,4.777484554797411,1.094260589334682,9.426058933468195,2.8590658379253,3.309394347597845
SP_4_15,0.65,0.8,5.227813064469956,3.1743196749594063,1.6469081881417031,64.69081881417031,3.309394347597845,5.3628877371083945
SP_4_16,0.2,0.35,5.677120389533229,4.621528104762547,1.2284076307321123,22.840763073211235,-2.4115233927732334,-1.355931108002551
SP_4_16,0.35,0.5,5.677120389416814,4.652893992722966,1.220126742258843,22.01267422588431,-1.355931108002551,-0.3317047113087028
SP_4_16,0.5,0.65,5.677120389416814,3.8138345127226785,1.4885597082092439,48.85597082092439,-0.3317047113087028,1.5315811653854325
SP_4_16,0.65,0.8,5.677120389533229,2.8501618921291083,1.9918589204391985,99.18589204391985,1.5315811653854325,4.358539662789553
SP_4_3,0.2,0.35,18.0143835444469,4.226119881379418,4.262629563306887,326.26295633068867,24.446808080072515,38.23507174314
SP_4_3,0.35,0.5,7.980688497424126,3.239511717343703,2.4635467298040945,146.35467298040945,38.23507174314,42.97624852322042
SP_4_3,0.5,0.65,5.333849424961954,3.030024912324734,1.7603318716180623,76.03318716180623,42.97624852322042,45.28007303585764
SP_4_3,0.65,0.8,5.333849424961954,5.673414001706988,0.9401481054189124,-5.9851894581087635,45.28007303585764,44.94050845911261
SP_4_6,0.2,0.35,14.485490194172598,4.059971243725158,3.567879998303062,256.7879998303062,20.551715961424634,30.977234911872074
SP_4_6,0.35,0.5,13.178471605642699,3.109600104042329,4.237995615098972,323.7995615098972,30.977234911872074,41.046106413472444
SP_4_6,0.5,0.65,9.476983834290877,3.6108505845768377,2.6245848761425563,162.45848761425563,41.046106413472444,46.91223966318648
SP_4_6,0.65,0.8,4.147653899504803,5.518773616524413,0.7515535493403501,-24.844645065964986,46.91223966318648,45.54111994616687
SP_4_8,0.2,0.35,6.6675780130317435,4.9859758673701435,1.337266402885452,33.7266402885452,1.0397709759417921,2.721373121603392
SP_4_8,0.35,0.5,6.667578012915328,4.395891878986731,1.5167747971208585,51.67747971208585,2.721373121603392,4.993059255531989
SP_4_8,0.5,0.65,6.6675780130317435,4.196987204137258,1.5886581704273615,58.86581704273615,4.993059255531989,7.463650064426474
SP_4_8,0.65,0.8,6.6675780130317435,2.772094651707448,2.4052490447701365,140.52490447701365,7.463650064426474,11.35913342575077
SP_6_1,0.2,0.35,6.1462144672404975,4.300355311366729,1.4292341032832288,42.92341032832287,13.825070460909046,15.670929616782814
SP_6_1,0.35,0.5,6.146214467124082,3.345841721398756,1.8369710760121098,83.69710760121099,15.670929616782814,18.47130236250814
SP_6_1,0.5,0.65,6.146214467124082,2.9106577150523663,2.1116239244962216,111.16239244962216,18.47130236250814,21.706859114579856
SP_6_1,0.65,0.8,6.146214467124082,5.5438226603437215,1.1086600065852417,10.866000658524166,21.706859114579856,22.309250921360217
SP_6_2,0.2,0.35,6.24746254098136,3.953846860444173,1.5800972474385422,58.00972474385422,12.944100069929846,15.237715750467032
SP_6_2,0.35,0.5,6.24746254098136,3.038145322352648,2.056340917933285,105.6340917933285,15.237715750467032,18.447032969095744
SP_6_2,0.5,0.65,6.247462541097775,4.036671761889011,1.5476766280779286,54.76766280779286,18.447032969095744,20.65782374830451
SP_6_2,0.65,0.8,6.24746254098136,5.248245754279196,1.1903906245029483,19.03906245029483,20.65782374830451,21.657040535006672
SP_6_3,0.2,0.35,7.144955959636718,3.3572716009803116,2.1282031389865557,112.82031389865557,12.203141196863726,15.990825555520132
SP_6_3,0.35,0.5,7.144955959636718,2.924685986014083,2.4429822530706082,144.29822530706082,15.990825555520132,20.211095529142767
SP_6_3,0.5,0.65,7.144955959753133,5.594436724553816,1.2771537710658403,27.71537710658403,20.211095529142767,21.761614764342085
SP_6_3,0.65,0.8,7.144955959636718,4.244839160819538,1.683210055538892,68.32100555388921,21.761614764342085,24.661731563159265
SP_6_4,0.2,0.35,5.89469840854872,2.9410502958344296,2.004283441496293,100.42834414962928,6.366834974847734,9.320483087562025
SP_6_4,0.35,0.5,5.89469840854872,5.525793930864893,1.0667604478739738,6.676044787397384,9.320483087562025,9.689387565245852
SP_6_4,0.5,0.65,5.89469840854872,4.338974125566892,1.3585465683731337,35.85465683731337,9.689387565245852,11.24511184822768
SP_6_4,0.65,0.8,5.89469840854872,4.721571466187015,1.2484611216335317,24.846112163353173,11.24511184822768,12.418238790589385
SP_6_5,0.2,0.35,8.816322105703875,4.57881320535671,1.9254600941985895,92.54600941985896,8.957577415276319,13.195086315623485
SP_6_5,0.35,0.5,8.816322105703875,5.0125748694408685,1.7588409819976014,75.88409819976015,13.195086315623485,16.99883355188649
SP_6_5,0.5,0.65,6.9224888638127595,4.362500318558887,1.5868168156603235,58.68168156603235,16.99883355188649,19.558822097140364
SP_6_5,0.65,0.8,3.4025528588099405,4.217012238688767,0.8068634061797094,-19.31365938202906,19.558822097140364,18.744362717261538
SP_6_6,0.2,0.35,3.5688670297386125,4.710318051278591,0.7576700746926978,-24.232992530730225,-24.407763933530077,-25.549214955070056
SP_6_6,0.35,0.5,3.5688670297386125,4.444770248490386,0.8029362217205122,-19.706377827948785,-25.549214955070056,-26.42511817382183
SP_6_6,0.5,0.65,3.5688670297386125,3.999810529407114,0.8922590216461129,-10.774097835388707,-26.42511817382183,-26.85606167349033
SP_6_6,0.65,0.8,3.6919828829122707,2.739549425896257,1.3476606218573408,34.76606218573408,-26.85606167349033,-25.903628216474317
SP_6_7,0.2,0.35,3.4314637758070603,5.009519724058919,0.6849885747184458,-31.501142528155423,-24.29449124354869,-25.87254719180055
SP_6_7,0.35,0.5,3.4314637758070603,4.290294925565831,0.7998200206141999,-20.017997938580013,-25.87254719180055,-26.73137834155932
SP_6_7,0.5,0.65,3.4314637758070603,4.250294433906674,0.8073473095022777,-19.265269049772225,-26.73137834155932,-27.550208999658935
SP_6_7,0.65,0.8,3.431463775690645,2.8057894678786397,1.2229940325084534,22.29940325084534,-27.550208999658935,-26.92453469184693
SP_7_10,0.2,0.35,7.915808993857354,3.3248650548048317,2.380791058698173,138.07910586981728,13.380650399136357,17.97159433818888
SP_7_10,0.35,0.5,7.915808993857354,3.0703500690869987,2.578145428287011,157.8145428287011,17.97159433818888,22.817053262959234
SP_7_10,0.5,0.65,7.915808993857354,5.620416372548789,1.4084025931814788,40.84025931814787,22.817053262959234,25.1124458842678
SP_7_10,0.65,0.8,7.824207761907019,4.248856354737654,1.8414855925130762,84.14855925130762,25.1124458842678,28.687797291437164
SP_7_11,0.2,0.35,7.593921538558789,3.124433066928759,2.430495829447685,143.04958294476847,-10.321379790897481,-5.851891319267452
SP_7_11,0.35,0.5,46.54559575812891,3.6551934109302238,12.734099273363308,1173.4099273363308,-5.851891319267452,37.038511027931236
SP_7_11,0.5,0.65,4.038142250617966,5.439831906813197,0.7423284983420785,-25.767150165792152,37.038511027931236,35.636821371736005
SP_7_11,0.65,0.8,3.8293343341210857,4.208632026682608,0.9098762519134993,-9.012374808650069,35.636821371736005,35.25752367917448
SP_7_12,0.2,0.35,7.712352825677954,2.972782138735056,2.594321570083042,159.4321570083042,11.08155491494108,15.821125601883978
SP_7_12,0.35,0.5,7.712352825561538,4.626338678877801,1.6670532273768388,66.70532273768389,15.821125601883978,18.907139748567715
SP_7_12,0.5,0.65,7.712352825677954,4.976015723776072,1.5499052361967618,54.99052361967618,18.907139748567715,21.643476850469597
SP_7_12,0.65,0.8,7.742045684484765,4.384445814648643,1.7657980077249946,76.57980077249947,21.643476850469597,25.00107672030572
SP_7_13,0.2,0.35,6.037164627574384,3.7879640641622245,1.5937755811074756,59.377558110747565,-9.585915859672241,-7.336715296260081
SP_7_13,0.35,0.5,5.905863818246871,2.9405928247142583,2.0083922427515115,100.83922427515115,-7.336715296260081,-4.371444302727468
SP_7_13,0.5,0.65,45.304730598581955,4.756584826624021,9.524634217600386,852.4634217600386,-4.371444302727468,36.176701469230466
SP_7_13,0.65,0.8,3.5373190817190334,4.861835646093823,0.7275686261753923,-27.24313738246077,36.176701469230466,34.852184904855676
SP_7_14,0.2,0.35,25.617932161083445,4.102735722321086,6.2441097586929954,524.4109758692996,-2.9666897852439433,18.548506653518416
SP_7_14,0.35,0.5,6.7616023840382695,3.143955834559165,2.150667102162508,115.06671021625081,18.548506653518416,22.16615320299752
SP_7_14,0.5,0.65,6.761602383921854,3.624853970017284,1.865344766947843,86.53447669478429,22.16615320299752,25.30290161690209
SP_7_14,0.65,0.8,6.7616023840382695,5.446633281651884,1.2414278756045742,24.142787560457425,25.30290161690209,26.617870719288476
SP_7_17,0.2,0.35,6.850068225176074,3.307608305825852,2.0710034537979345,107.10034537979345,11.666626073303632,15.209085992653854
SP_7_17,0.35,0.5,6.850068225176074,3.1515180121641606,2.1735773677117916,117.35773677117916,15.209085992653854,18.907636205665767
SP_7_17,0.5,0.65,6.850068225176074,5.6380911929300055,1.2149622967726827,21.496229677268275,18.907636205665767,20.119613237911835
SP_7_17,0.65,0.8,6.850068225059658,4.277487300569192,1.6014233926885397,60.14233926885397,20.119613237911835,22.692194162402302
SP_7_18,0.2,0.35,4.6848823400214314,2.825918268528767,1.6578265522380025,65.78265522380025,-39.20560768758878,-37.34664361609612
SP_7_18,0.35,0.5,4.6848823400214314,4.3627212481806055,1.0738440696790283,7.384406967902835,-37.34664361609612,-37.02448252425529
SP_7_18,0.5,0.65,4.684882340137847,3.7355909396428615,1.2541208113610378,25.41208113610378,-37.02448252425529,-36.075191123760305
SP_7_18,0.65,0.8,51.073967526783235,4.2871412300737575,11.9132925149528,1091.32925149528,-36.075191123760305,10.711635172949173
SP_7_5,0.2,0.35,7.426512947888114,3.539038182236254,2.098455163655633,109.8455163655633,-7.431722729583271,-3.5442479639314115
SP_7_5,0.35,0.5,33.71381603251211,2.9311506557278335,11.501904880471127,1050.1904880471127,-3.5442479639314115,27.23841741285287
SP_7_5,0.5,0.65,9.190009423764423,5.438870195182972,1.6896908905646824,68.96908905646823,27.23841741285287,30.98955664143432
SP_7_5,0.65,0.8,5.191664018086158,4.39390969183296,1.181559108448678,18.155910844867805,30.98955664143432,31.787310967687517
SP_7_8,0.2,0.35,21.780179527122527,3.9385221287375316,5.530038632562927,453.0038632562927,-2.275976652628742,15.565680745756254
SP_7_8,0.35,0.5,8.200164601556025,3.023342260508798,2.712284582750489,171.22845827504892,15.565680745756254,20.74250308680348
SP_7_8,0.5,0.65,8.20016460143961,4.338628695928492,1.8900360404509626,89.00360404509627,20.74250308680348,24.6040389923146
SP_7_8,0.65,0.8,8.200164601556025,5.171472314163111,1.5856537758305762,58.56537758305762,24.6040389923146,27.632731279707514
SP_7_9,0.2,0.35,6.943430201848969,3.1588535867631435,2.1980854797907416,119.80854797907416,-11.202980314614251,-7.418403699528426
SP_7_9,0.35,0.5,6.943430201848969,3.489907190320082,1.9895744566239144,98.95744566239144,-7.418403699528426,-3.964880687999539
SP_7_9,0.5,0.65,6.943430201848969,4.12236294534523,1.684332576705588,68.43325767055879,-3.964880687999539,-1.1438134314958006
SP_7_9,0.65,0.8,6.943430201848969,4.205625954200514,1.6509861498533835,65.09861498533836,-1.1438134314958006,1.5939908161526546
